Sample,Extraction,Sequencing,Type,Depth,16SBac,16SBac_SD,16SArc,16SArc_SD,Proka16S,PoolingChoice
GS19_GC10_1_E1_S1,E1,S1,Sample,1,106065142.299107,5064385.46316964,7880945.69614955,398510.284423828,113946087.995257,pool
GS19_GC10_1_E1_S2,E1,S2,Sample,1,106065142.299107,5064385.46316964,7880945.69614955,398510.284423828,113946087.995257,pool
GS19_GC10_2_E1_S1,E1,S1,Sample,2,66189989.6056867,9161256.66409603,7216131.51321084,1446083.06229882,73406121.1188975,pool
GS19_GC10_2_E1_S2,E1,S2,Sample,2,66189989.6056867,9161256.66409603,7216131.51321084,1446083.06229882,73406121.1188975,pool
GS19_GC10_3_E1_S1,E1,S1,Sample,3,69938416.6666667,2650496.90755208,9840901.04166667,990598.388671875,79779317.7083334,pool
GS19_GC10_3_E1_S2,E1,S2,Sample,3,69938416.6666667,2650496.90755208,9840901.04166667,990598.388671875,79779317.7083334,pool
GS19_GC10_4_E1_S1,E1,S1,Sample,4,17644898.4375,797438.452148438,4862587.5,197133.178710937,22507485.9375,pool
GS19_GC10_4_E1_S2,E1,S2,Sample,4,17644898.4375,797438.452148438,4862587.5,197133.178710937,22507485.9375,pool
GS19_GC10_5_E1_S1,E1,S1,Sample,5,3713945.68583375,428279.859823001,1134485.30538701,33423.598383514,4848430.99122076,pool
GS19_GC10_5_E1_S2,E1,S2,Sample,5,3713945.68583375,428279.859823001,1134485.30538701,33423.598383514,4848430.99122076,pool
GS19_GC10_5_E2_S1,E2,S1,Sample,5,75883583.5152838,2941560.09057724,2423596.13810044,125408.215918395,78307179.6533842,pool
GS19_GC10_6_E1_S1,E1,S1,Sample,6,2540451.20497881,335754.256598693,947198.107013595,40323.7165030787,3487649.3119924,
GS19_GC10_7_E1_S1,E1,S1,Sample,7,1235849.28692512,79119.6398465138,516123.081423202,37100.5364184109,1751972.36834832,
GS19_GC10_8_E1_S1,E1,S1,Sample,8,2875235.91905159,334293.210384048,1456586.48293121,44777.2298260636,4331822.4019828,pool
GS19_GC10_8_E1_S2,E1,S2,Sample,8,2875235.91905159,334293.210384048,1456586.48293121,44777.2298260636,4331822.4019828,pool
GS19_GC10_8_E2_S1,E2,S1,Sample,8,23563448.3097484,1092824.87593357,1038111.11930031,91364.6098202879,24601559.4290487,pool
GS19_GC10_9_E1_S1,E1,S1,Sample,9,207546.851748512,50748.8205319359,129836.009797596,14264.6494365874,337382.861546108,pool
GS19_GC10_9_E2_S1,E2,S1,Sample,9,4608385.7669106,302017.46300806,235473.941851266,20916.5428258196,4843859.70876187,pool
GS19_GC10_10_E1_S1,E1,S1,Sample,10,209413.951286266,23934.3324607469,148890.096867162,8994.7837035206,358304.048153428,
GS19_GC10_11_E1_S1,E1,S1,Sample,11,241837.232185133,2764.71224698153,171416.773940577,17510.0199381511,413254.00612571,
GS19_GC10_12_E1_S1,E1,S1,Sample,12,138839.382953926,12811.0220265943,125502.356111877,6183.93053212075,264341.739065803,
GS19_GC10_13_E1_S1,E1,S1,Sample,13,33727.5207358062,4854.63520837209,26980.3788926866,1367.95018715833,60707.8996284928,
GS19_GC10_14_E1_S1,E1,S1,Sample,14,1487441.74179873,182682.829219584,1165206.83686315,54884.812052216,2652648.57866188,
GS19_GC10_15_E1_S1,E1,S1,Sample,15,1119133.54697348,3112.73406533634,1021950.0886292,143980.311546005,2141083.63560268,pool
GS19_GC10_15_E1_S2,E1,S2,Sample,15,1119133.54697348,3112.73406533634,1021950.0886292,143980.311546005,2141083.63560268,pool
GS19_GC10_16_E1_S1,E1,S1,Sample,16,1503107.58359873,63317.2296414709,1221362.38243929,351451.587069565,2724469.96603802,pool
GS19_GC10_16_E1_S2,E1,S2,Sample,16,1503107.58359873,63317.2296414709,1221362.38243929,351451.587069565,2724469.96603802,pool
GS19_GC10_17_E1_S1,E1,S1,Sample,17,2039381.8359375,124670.945111443,1408110.7823989,129730.364631204,3447492.6183364,pool
GS19_GC10_17_E2_S1,E2,S1,Sample,17,22849335.2779081,441657.742326747,1870674.86331789,73758.9709083314,24720010.141226,pool
GS19_GC10_18_E1_S1,E1,S1,Sample,18,1298103.20723684,88708.6245888158,984347.630550987,55237.3930278578,2282450.83778783,
GS19_GC10_19_E1_S1,E1,S1,Sample,19,842634.946341192,89419.8733292441,678241.944228203,87787.229056036,1520876.8905694,pool
GS19_GC10_19_E1_S2,E1,S2,Sample,19,842634.946341192,89419.8733292441,678241.944228203,87787.229056036,1520876.8905694,pool
GS19_GC10_19_E2_S1,E2,S1,Sample,19,1146465.00189777,20932.6732496501,126515.120533314,782.891999372104,1272980.12243108,pool
GS19_GC10_20_E1_S1,E1,S1,Sample,20,508137.391909523,46852.2970112527,482717.034430919,18454.9205036084,990854.426340442,
GS19_GC10_21_E1_S1,E1,S1,Sample,21,351839.094895582,30420.4273223877,358128.133920522,43040.7978938176,709967.228816104,
GS19_GC10_22_E1_S1,E1,S1,Sample,22,233411.621925575,7757.45658289635,198330.314155331,9459.81885139946,431741.936080906,
GS19_GC10_23_E1_S1,E1,S1,Sample,23,849258.588005515,9654.96556899127,393500.674977021,23731.8474264706,1242759.26298254,
GS19_GC10_24_E1_S1,E1,S1,Sample,24,479951.060901988,51613.9120843471,151179.578179779,11382.0446759635,631130.639081767,
GS19_GC10_25_E1_S1,E1,S1,Sample,25,173092.935251635,14706.8766660468,44989.0580288199,792.605377906977,218081.993280455,
GS19_GC10_26_E1_S1,E1,S1,Sample,26,959505.131559552,55755.0577520302,422040.956997749,43872.7494987371,1381546.0885573,discard
GS19_GC10_26_E1_S2,E1,S2,Sample,26,959505.131559552,55755.0577520302,422040.956997749,43872.7494987371,1381546.0885573,keep
GS19_GC10_27_E1_S1,E1,S1,Sample,27,294895.669812353,30215.0163026613,137740.738057645,12587.9501627984,432636.407869998,
GS19_GC10_28_E1_S1,E1,S1,Sample,28,765947.326383979,83925.3041539257,229571.754144867,30559.7745455228,995519.080528846,keep
GS19_GC10_28_E2_S1,E2,S1,Sample,28,135230.141093298,20792.1167285417,7864.1864328622,2187.88559326498,143094.32752616,discard
GS19_GC10_29_E1_S1,E1,S1,Sample,29,871796.514704364,102971.467677717,300854.283807562,26221.9206352065,1172650.79851193,
GS19_GC10_30_E1_S1,E1,S1,Sample,30,963326.231060606,83041.7055072206,469782.381924715,46854.5717181582,1433108.61298532,
GS19_GC10_31_E1_S2,E1,S2,Sample,31,1043489.15115387,27586.5474540389,401694.098646511,72804.7800924114,1445183.24980038,pool
GS19_GC10_31_E2_S1,E2,S1,Sample,31,1259004.36761811,32222.381351501,589740.615003691,37786.370375025,1848744.9826218,pool
GS19_GC10_32_E1_S1,E1,S1,Sample,32,35041.8437610973,5995.21615288475,5695.21622224288,1269.29174770008,40737.0599833402,pool
GS19_GC10_32_E2_S1,E2,S1,Sample,32,877090.74867278,62255.6030980408,289992.985670171,22217.3455138925,1167083.73434295,pool
GS19_GC10_33_E1_S1,E1,S1,Sample,33,1007748.2358871,181252.579227571,397243.219191027,65451.5075683594,1404991.45507813,pool
GS19_GC10_33_E2_S1,E2,S1,Sample,33,1671211.28551903,195679.989643797,557569.677628915,18141.6674257612,2228780.96314794,pool
GS19_GC10_34_E1_S1,E1,S1,Sample,34,966720.608302525,124288.834844317,438881.083897182,2112.35183690275,1405601.69219971,pool
GS19_GC10_34_E2_S1,E2,S1,Sample,34,6836861.62090844,695405.384621086,566651.97730743,23747.6153437055,7403513.59821587,pool
GS19_GC10_35_E1_S1,E1,S1,Sample,35,1584677.21121652,151654.554094587,440293.535505021,79305.2618844168,2024970.74672154,
GS19_GC10_36_E1_S1,E1,S1,Sample,36,732806.989698637,251612.956168584,287097.748000472,31796.8677496035,1019904.73769911,
GS19_GC10_37_E1_S1,E1,S1,Sample,37,623853.238143585,107670.079033805,194573.194865088,47503.3360955998,818426.433008673,
GS19_GC10_38_E1_S1,E1,S1,Sample,38,1352153.55657762,177351.730100571,385450.449297505,28873.3259324105,1737604.00587513,pool
GS19_GC10_38_E2_S1,E2,S1,Sample,38,1229517.72033318,110931.269068825,420472.695531282,34850.2802023334,1649990.41586446,pool
GS19_GC10_39_E1_S1,E1,S1,Sample,39,32728.2162894189,4258.15698319832,,,32728.2162894189,discard
GS19_GC10_39_E2_S1,E2,S1,Sample,39,1428399.21955211,226808.269900218,431376.030704569,37766.9998262942,1859775.25025668,keep
GS19_GC10_40_E1_S1,E1,S1,Sample,40,35993.2114806356,1889.77114761932,1018.70675630207,335.934230043918,37011.9182369377,discard
GS19_GC10_40_E2_S1,E2,S1,Sample,40,214954.767843616,13454.0583244295,68664.0460228285,3938.3764955934,283618.813866445,keep
GS19_GC10_41_E1_S1,E1,S1,Sample,41,321359.042463631,31386.6231633329,95706.5626122486,5795.93592676623,417065.60507588,pool
GS19_GC10_41_E2_S1,E2,S1,Sample,41,69806.8472055288,4633.00069173177,16228.9692805364,2112.59059416942,86035.8164860652,pool
GS19_GC10_42_E1_S1,E1,S1,Sample,42,350388.149539799,19863.0717690922,118932.846789708,10012.6446572496,469320.996329507,
GS19_GC10_43_E1_S1,E1,S1,Sample,43,333553.277489973,54740.3141776508,83989.1647910052,808.847715510404,417542.442280978,
GS19_GC10_44_E1_S1,E1,S1,Sample,44,358739.600548377,29003.2724233774,87107.3825542744,11447.8353353647,445846.983102651,
GS19_GC10_45_E1_S1,E1,S1,Sample,45,422561.325672932,77732.6742113938,164353.449792321,17097.8117197361,586914.775465253,
GS19_GC10_46_E1_S1,E1,S1,Sample,46,393379.945087647,71994.4663295358,229205.143155686,22671.6190105637,622585.088243333,
GS19_GC10_47_E1_S1,E1,S1,Sample,47,382058.806466584,58786.6090075804,142313.4409083,31888.5538837697,524372.247374884,
GS19_GC10_48_E1_S1,E1,S1,Sample,48,321773.441395861,95534.3238343585,151049.700797872,28612.4038696289,472823.142193733,
GS19_GC10_49_E1_S1,E1,S1,Sample,49,298755.867731892,33150.0083718148,101131.982033876,19977.127019234,399887.849765768,
GS19_GC10_50_E1_S1,E1,S1,Sample,50,208094.031896718,15892.4146214291,73475.0041925478,4972.5002310534,281569.036089266,
GS19_GC10_51_E1_S1,E1,S1,Sample,51,117557.010461788,3220.49631930814,43795.492342203,3916.49538927739,161352.502803991,keep
GS19_GC10_51_E2_S1,E2,S1,Sample,51,150023.601807569,16820.9460298371,1835.33425566815,499.464203196333,151858.936063237,discard
GS19_GC10_52_E1_S1,E1,S1,Sample,52,352977.999069112,42718.2254918699,192877.978896246,4515.92974248601,545855.977965358,
GS19_GC10_53_E1_S1,E1,S1,Sample,53,276764.131433824,36570.2617869657,114145.373176126,7788.05957121007,390909.50460995,keep
GS19_GC10_53_E2_S1,E2,S1,Sample,53,145866.734005627,25231.2595980155,5342.08475616929,742.160779824529,151208.818761796,discard
GS19_GC10_54_E1_S1,E1,S1,Sample,54,307006.111054409,21235.5901396473,157337.255772389,23886.5351733572,464343.366826798,pool
GS19_GC10_54_E2_S1,E2,S1,Sample,54,325106.213023362,45058.9092958321,21196.0201818966,2926.55120775538,346302.233205259,pool
GS19_GC10_55_E1_S1,E1,S1,Sample,55,430384.938309831,62761.8810818624,237369.322512472,9831.31539795193,667754.260822303,
GS19_GC10_56_E1_S1,E1,S1,Sample,56,268701.578776041,2918.36787492801,105953.439565805,4615.34549028445,374655.018341846,
GS19_GC10_57_E1_S1,E1,S1,Sample,57,170181.02389663,14159.8644541271,79054.9662575793,1160.53552769903,249235.990154209,
GS19_GC10_58_E1_S1,E1,S1,Sample,58,263327.266393083,38945.1830574636,138283.075911275,7214.02168273926,401610.342304358,
GS19_GC10_59_E1_S1,E1,S1,Sample,59,16440.8503712474,614.987720142712,246.903821304962,74.9178960189953,16687.7541925524,
GS19_GC10_60_E1_S1,E1,S1,Sample,60,29553.3758825837,1500.20162430767,13326.7466493231,1456.7694404634,42880.1225319068,pool
GS19_GC10_60_E1_S2,E1,S2,Sample,60,29553.3758825837,1500.20162430767,13326.7466493231,1456.7694404634,42880.1225319068,pool
GS19_GC10_61_E1_S1,E1,S1,Sample,61,22565.7124033589,2392.12790546694,2674.94968961529,433.356350524014,25240.6620929742,pool
GS19_GC10_61_E1_S2,E1,S2,Sample,61,22565.7124033589,2392.12790546694,2674.94968961529,433.356350524014,25240.6620929742,pool
GS19_GC10_62_E1_S1,E1,S1,Sample,62,506053.721211956,31847.9121328595,250493.932200338,21932.6317429781,756547.653412294,
GS19_GC10_63_E1_S1,E1,S1,Sample,63,472732.543945313,33804.3116316011,173973.971982546,4103.22418695764,646706.515927859,
GS19_GC10_64_E1_S1,E1,S1,Sample,64,399011.45792896,26306.0670461714,147597.678996021,9915.15757874672,546609.136924981,
GS19_GC10_65_E1_S1,E1,S1,Sample,65,343272.959493204,45880.3043097915,127947.487381991,4621.8871114727,471220.446875195,
GS19_GC10_66_E1_S1,E1,S1,Sample,66,110850.030374425,11037.4678426714,30184.4314217314,3846.61058373035,141034.461796156,pool
GS19_GC10_66_E2_S1,E2,S1,Sample,66,485392.222872358,61582.2156934002,37748.9508069383,4753.69146820897,523141.173679296,pool
GS19_GC10_67_E1_S1,E1,S1,Sample,67,68035.7194190953,4211.29298291516,29416.7059680301,1445.02774847245,97452.4253871254,
GS19_GC10_68_E1_S1,E1,S1,Sample,68,317303.013752415,63768.2350394652,180581.916730429,11609.0931843237,497884.930482844,pool
GS19_GC10_68_E2_S1,E2,S1,Sample,68,702194.695723684,80005.8197556881,57600.5366810581,7420.3190050627,759795.232404742,pool
GS19_GC10_69_E2_S1,E2,S1,Sample,69,1374839.83039856,152685.981988907,119438.86578083,20011.4987790585,1494278.69617939,
GS19_GC10_70_E1_S1,E1,S1,Sample,70,334166.324013158,23486.3843415913,198733.289216694,1239.71384450009,532899.613229852,pool
GS19_GC10_70_E2_S1,E2,S1,Sample,70,2336737.09909539,228123.10469778,207936.170076069,415.584024630095,2544673.26917146,pool
GS19_GC10_71_E1_S1,E1,S1,Sample,71,179377.716266556,32943.7356910959,111043.685003622,12365.7100248021,290421.401270178,
GS19_GC10_72_E1_S1,E1,S1,Sample,72,284387.844619596,31308.335464818,163194.011819773,8025.55877345087,447581.856439369,
GS19_GC10_73_E1_S1,E1,S1,Sample,73,288990.023917677,46330.0238011783,143279.032093855,17105.969551688,432269.056011532,
GS19_GC10_74_E1_S1,E1,S1,Sample,74,408765.450051302,64098.0839179958,210631.768714448,17973.6792217203,619397.21876575,
GS19_GC10_75_E1_S1,E1,S1,Sample,75,94469.4182236684,7116.12518369122,35430.5501634009,5509.26651469576,129899.968387069,
GS19_GC10_76_E1_S1,E1,S1,Sample,76,58814.6535361686,10943.0731796637,19417.7848536794,2117.96295352099,78232.438389848,
GS19_GC10_77_E1_S1,E1,S1,Sample,77,97762.6291910807,6545.70314619276,26492.7588568793,3254.29333580865,124255.38804796,
GS19_GC10_78_E1_S1,E1,S1,Sample,78,156094.488664107,39069.7236494584,67850.1736034047,5240.66773327914,223944.662267512,
GS19_GC10_79_E1_S1,E1,S1,Sample,79,245063.18553394,14186.9184986645,114550.124414709,3598.688454028,359613.309948649,
GS19_GC10_80_E1_S1,E1,S1,Sample,80,28416.3776383524,982.826327745799,8814.36979017293,2200.83964358476,37230.7474285253,
GS19_GC10_81_E1_S1,E1,S1,Sample,81,137745.621090844,40032.3368254162,84501.838684082,13073.8178888957,222247.459774926,
GS19_GC10_82_E1_S1,E1,S1,Sample,82,23159.0917933057,817.184350643939,3170.17739279228,213.721185399775,26329.269186098,
GS19_GC10_83_E1_S1,E1,S1,Sample,83,205813.524650805,7105.55799079664,131995.525938092,10588.5557694869,337809.050588897,discard
GS19_GC10_83_E1_S2,E1,S2,Sample,83,205813.524650805,7105.55799079664,131995.525938092,10588.5557694869,337809.050588897,keep
GS19_GC10_84_E1_S1,E1,S1,Sample,84,53377.9219676383,1280.0212434158,14214.353599096,2123.51201551233,67592.2755667343,
GS19_GC10_85_E1_S1,E1,S1,Sample,85,99940.3858636793,18222.9439794171,76606.4630300513,14071.9129010964,176546.848893731,
GS19_GC10_86_E1_S1,E1,S1,Sample,86,33065.7181295653,1051.47099872046,12630.4267789442,2067.0242175486,45696.1449085095,
GS19_GC10_87_E1_S1,E1,S1,Sample,87,27785.2425208459,4423.01362425416,11319.6991302155,2298.98311279632,39104.9416510614,
GS19_GC10_88_E1_S1,E1,S1,Sample,88,68496.0596309686,15582.533652738,25423.3532070373,2920.52245288162,93919.4128380059,pool
GS19_GC10_88_E2_S1,E2,S1,Sample,88,123600.982860395,10833.3405415723,55737.8052146572,9863.52665409161,179338.788075052,pool
GS19_GC10_89_E1_S1,E1,S1,Sample,89,20604.0438483743,1293.77280964571,,,20604.0438483743,pool
GS19_GC10_89_E2_S1,E2,S1,Sample,89,31190.6965268654,1788.14128074904,4671.68752011542,1453.93359741831,35862.3840469808,pool
GS19_GC10_90_E1_S1,E1,S1,Sample,90,138796.786604257,5102.05526139141,76872.3044869383,12898.2122239428,215669.091091195,
GS19_GC10_91_E1_S1,E1,S1,Sample,91,258234.950474331,21781.0162846346,120823.17660314,18267.0901280753,379058.127077471,
GS19_GC10_92_E1_S1,E1,S1,Sample,92,185535.22004554,2571.54110089019,112455.013409332,4764.97094235828,297990.233454872,
GS19_GC10_93_E1_S1,E1,S1,Sample,93,27817.4015070429,2261.30485534667,5693.49440517805,1186.25874550927,33510.8959122209,
GS19_GC10_94_E1_S1,E1,S1,Sample,94,314437.74441129,18496.567922791,154518.553740169,11655.707264158,468956.298151459,
GS19_GC10_95_E1_S1,E1,S1,Sample,95,29547.7418881089,2165.91570317399,5660.5626812756,866.006259991998,35208.3045693845,
GS19_GC10_96_E1_S1,E1,S1,Sample,96,21907.8972226098,2128.45196799627,1111.96179869314,44.5441791304836,23019.8590213029,
GS19_GC10_97_E1_S1,E1,S1,Sample,97,23359.0679168701,1241.9661283493,4153.38897705079,1226.98414325714,27512.4568939209,
GS19_GC10_98_E1_S1,E1,S1,Sample,98,183258.811768412,5440.7053026323,115543.448802961,16039.8720881231,298802.260571373,
GS19_GC10_99_E1_S1,E1,S1,Sample,99,20877.1679282847,886.470375798684,2009.3799296005,742.397321521906,22886.5478578852,
GS19_GC10_100_E1_S1,E1,S1,Sample,100,18293.2402636554,2255.60810114887,,,18293.2402636554,
GS19_GC10_101_E1_S1,E1,S1,Sample,101,623452.232186362,97724.4260157468,205825.1838922,4699.99927988666,829277.416078562,
GS19_GC10_102_E1_S1,E1,S1,Sample,102,119915.531907126,11728.339507201,53733.6388703819,6581.83195880641,173649.170777508,
GS19_GC10_103_E1_S1,E1,S1,Sample,103,274969.072750106,19780.9100614911,118811.340925758,18197.9116298809,393780.413675864,
GS19_GC10_104_E1_S1,E1,S1,Sample,104,16585.6346143922,2624.74514027895,411.648892170582,82.9321638305488,16997.2835065628,
GS19_GC10_105_E1_S1,E1,S1,Sample,105,309861.575855929,4086.5379221299,115963.810709267,4032.43125294129,425825.386565196,
GS19_GC10_106_E1_S1,E1,S1,Sample,106,24856.1908764467,762.646215998993,3508.64553983327,969.421797082327,28364.83641628,
GS19_GC10_107_E1_S1,E1,S1,Sample,107,184743.245442708,4121.0086572738,96589.1883486793,15426.2576784406,281332.433791387,
GS19_GC10_108_E1_S1,E1,S1,Sample,108,22954.4183655423,592.938868138387,1726.01691865224,156.181372531023,24680.4352841945,
GS19_GC10_109_E1_S1,E1,S1,Sample,109,41290.5728753238,3873.09349794439,10380.6674161697,149.720939085445,51671.2402914935,
GS19_GC10_110_E1_S1,E1,S1,Sample,110,132334.552453636,35976.7218920944,41025.8573644302,2523.11578059332,173360.409818066,pool
GS19_GC10_110_E2_S1,E2,S1,Sample,110,755913.339010099,83884.5415813167,49475.4186490687,10270.8607185178,805388.757659168,pool
GS19_GC10_111_E1_S1,E1,S1,Sample,111,536962.937216722,9040.40227409538,153822.990592199,8576.03531757384,690785.927808921,
GS19_GC10_112_E1_S1,E1,S1,Sample,112,430921.836521314,40104.7209034795,161702.197530996,20486.4564149276,592624.03405231,
GS19_GC10_113_E1_S1,E1,S1,Sample,113,320120.297945463,15001.4096039993,130161.886948806,12560.7281464797,450282.184894269,
GS19_GC10_114_E1_S1,E1,S1,Sample,114,512335.328494801,41797.7781856761,217173.806358786,23419.5449773004,729509.134853587,
GS19_GC10_115_E1_S1,E1,S1,Sample,115,387347.557697821,69138.3403813073,214568.111874641,4306.38103310121,601915.669572462,
GS19_GC10_116_E1_S1,E1,S1,Sample,116,347422.544417842,34836.8441674018,181487.859910534,31784.0969947077,528910.404328376,
GS19_GC10_117_E1_S1,E1,S1,Sample,117,851422.155835108,125643.257339875,302504.031500501,49050.5654252842,1153926.18733561,
GS19_GC10_118_E1_S1,E1,S1,Sample,118,549986.065089581,38989.5802359959,206525.646450564,3097.78221270217,756511.711540145,
GS19_GC10_119_E1_S1,E1,S1,Sample,119,166551.668589352,39138.8507289741,121172.184252557,5809.39227388105,287723.852841909,
GS19_GC10_120_E1_S1,E1,S1,Sample,120,144318.295195175,11276.5015148726,65473.2572390268,7434.26226899552,209791.552434202,
GS19_GC10_121_E1_S1,E1,S1,Sample,121,299893.084365422,23451.9478608804,137034.961562167,26225.9786317089,436928.045927589,
GS19_GC10_122_E1_S1,E1,S1,Sample,122,220637.735247336,30377.2663019097,85957.7948975175,2398.31223012124,306595.530144854,
GS19_GC10_123_E1_S1,E1,S1,Sample,123,115835.389223966,8137.76850700378,74457.3766534979,8781.50137988004,190292.765877464,
GS19_GC10_124_E1_S1,E1,S1,Sample,124,134163.593796064,9223.13366296156,55688.0159198113,10923.1660950859,189851.609715875,
GS19_GC10_125_E1_S1,E1,S1,Sample,125,146227.803498434,14076.6652114234,84599.2258533581,2168.50185161114,230827.029351792,
GS19_GC10_126_E1_S1,E1,S1,Sample,126,161503.549055619,18944.0402117642,88766.7309154163,25119.3935220892,250270.279971035,
GS19_GC10_127_E1_S1,E1,S1,Sample,127,95778.3438942649,527.477399869399,39461.4479758523,4958.514733748,135239.791870117,
GS19_GC10_128_E1_S1,E1,S1,Sample,128,70470.1098766956,15181.763617547,29062.4870048775,5020.54822313916,99532.5968815731,
GS19_GC10_129_E1_S1,E1,S1,Sample,129,178054.874126727,14423.8989169781,51554.5639624963,6097.97275983371,229609.438089223,
GS19_GC10_130_E1_S1,E1,S1,Sample,130,101030.864789792,10347.7377835879,39499.9864036471,1689.3401220151,140530.851193439,
GS19_GC10_131_E1_S1,E1,S1,Sample,131,68010.0608774708,9024.87196210764,33569.4922636239,4710.51434897101,101579.553141095,
GS19_GC10_132_E1_S1,E1,S1,Sample,132,59103.7052933888,4480.72443726242,26015.3493573589,5046.98958448184,85119.0546507477,
GS19_GC10_133_E1_S1,E1,S1,Sample,133,89189.5408401946,116.404855322695,24336.818306746,2322.71362921436,113526.359146941,pool
GS19_GC10_133_E2_S1,E2,S1,Sample,133,1472394.43727118,310361.164683577,22585.3365335504,599.85592026092,1494979.77380473,pool
GS19_GC10_134_E1_S1,E1,S1,Sample,134,32795.1569747032,1536.49361407171,15830.1364621736,4003.32053316281,48625.2934368768,
GS19_GC10_135_E1_S1,E1,S1,Sample,135,52373.1305332257,8452.15716417231,13858.8702816761,1496.39757443579,66232.0008149018,pool
GS19_GC10_135_E1_S2,E1,S2,Sample,135,52373.1305332257,8452.15716417231,13858.8702816761,1496.39757443579,66232.0008149018,pool
GS19_GC10_136_E1_S1,E1,S1,Sample,136,6645.73454264246,97.9241432468933,529.999783116591,51.0361423114061,7175.73432575905,
GS19_GC10_137_E1_S1,E1,S1,Sample,137,10010.6966316828,1414.67905146662,918.449324254561,137.680717913446,10929.1459559374,pool
GS19_GC10_137_E1_S2,E1,S2,Sample,137,10010.6966316828,1414.67905146662,918.449324254561,137.680717913446,10929.1459559374,pool
GS19_GC10_138_E1_S1,E1,S1,Sample,138,25649.1800633872,1896.60089771922,7142.48273430802,1655.30399578373,32791.6627976952,pool
GS19_GC10_138_E1_S2,E1,S2,Sample,138,25649.1800633872,1896.60089771922,7142.48273430802,1655.30399578373,32791.6627976952,pool
GS19_GC10_139_E1_S1,E1,S1,Sample,139,8413.00914920946,1126.79048439339,593.614217787016,191.212324807762,9006.62336699648,pool
GS19_GC10_139_E1_S2,E1,S2,Sample,139,8413.00914920946,1126.79048439339,593.614217787016,191.212324807762,9006.62336699648,pool
GS19_GC10_140_E1_S1,E1,S1,Sample,140,466850.32029226,42453.7065733282,192181.997348608,10158.8955814974,659032.317640868,discard
GS19_GC10_140_E1_S2,E1,S2,Sample,140,466850.32029226,42453.7065733282,192181.997348608,10158.8955814974,659032.317640868,discard
GS19_GC10_140_E2_S1,E2,S1,Sample,140,303678.354005066,57143.4818367494,9292.37759877837,1906.6512726265,312970.731603844,keep
GS19_GC10_141_E1_S1,E1,S1,Sample,141,67880.4051806355,24.3491465933839,33558.0636186209,4514.69951205784,101438.468799256,pool
GS19_GC10_141_E1_S2,E1,S2,Sample,141,67880.4051806355,24.3491465933839,33558.0636186209,4514.69951205784,101438.468799256,pool
GS19_GC10_142_E1_S1,E1,S1,Sample,142,6955.1513671875,498.258447647094,517.289829254151,66.4339855313301,7472.44119644165,
GS19_GC10_143_E1_S1,E1,S1,Sample,143,48891.0055440465,1622.52810603252,33375.298486997,5187.30335272921,82266.3040310435,pool
GS19_GC10_143_E1_S2,E1,S2,Sample,143,48891.0055440465,1622.52810603252,33375.298486997,5187.30335272921,82266.3040310435,pool
GS19_GC10_144_E1_S1,E1,S1,Sample,144,62399.8615103709,3811.07368699501,31522.7140123456,7166.20048047071,93922.5755227165,
GS19_GC10_145_E1_S1,E1,S1,Sample,145,104396.813657103,1540.23035233762,29795.3685792555,4108.73909958271,134192.182236359,
GS19_GC10_146_E1_S1,E1,S1,Sample,146,75632.2420560396,4078.09854297281,25479.3805540723,4352.95451951373,101111.622610112,
GS19_GC10_147_E1_S1,E1,S1,Sample,147,97179.7335464343,11952.1537713245,39320.967682695,3566.63096267565,136500.701229129,
GS19_GC10_148_E1_S1,E1,S1,Sample,148,47932.5560439332,16691.5697060512,25474.8756042806,5194.94739349528,73407.4316482138,
GS19_GC10_149_E1_S1,E1,S1,Sample,149,72905.6605586299,6410.89663093472,30919.1480095003,2159.19120812122,103824.80856813,
GS19_GC10_150_E1_S1,E1,S1,Sample,150,38061.0721334986,5460.83744930731,17461.0770812569,2239.75852643326,55522.1492147555,
GS19_GC10_151_E1_S1,E1,S1,Sample,151,61095.6031857557,1333.83155779074,29779.4989957154,953.99841097475,90875.1021814711,
GS19_GC10_152_E1_S1,E1,S1,Sample,152,9725.87973983199,1720.02403824418,914.212435851863,178.693124541529,10640.0921756839,discard
GS19_GC10_152_E2_S1,E2,S1,Sample,152,85341.6724343902,12495.3638465659,32485.3700804479,4937.65784698783,117827.042514838,keep
GS19_GC10_153_E1_S1,E1,S1,Sample,153,7546.94093631793,447.63510740256,,,7546.94093631793,discard
GS19_GC10_153_E2_S1,E2,S1,Sample,153,21643.8971443911,4822.51669661136,2068.65866128076,54.1873802720096,23712.5558056719,keep
GS19_GC10_154_E1_S1,E1,S1,Sample,154,27928.4824598704,1893.30356800003,12157.5563948676,1666.51965766553,40086.038854738,pool
GS19_GC10_154_E2_S1,E2,S1,Sample,154,84342.0960849389,9929.48130557412,21044.7705777964,202.754212725431,105386.866662735,pool
GS19_GC10_155_E1_S1,E1,S1,Sample,155,29727.0405365052,354.769711078543,18174.8113574169,1061.84777575139,47901.8518939221,
GS19_GC10_156_E1_S1,E1,S1,Sample,156,15045.3109895029,2025.38794086826,4473.18025173679,419.245960731661,19518.4912412397,
GS19_GC10_157_E1_S1,E1,S1,Sample,157,49348.6001457967,5303.08031700026,25036.9750278096,5930.18229578583,74385.5751736063,
GS19_GC10_158_E1_S1,E1,S1,Sample,158,75682.6710056615,1024.30984780595,37671.8598443108,4462.07523345948,113354.530849972,
GS19_GC10_159_E1_S1,E1,S1,Sample,159,80091.3639557667,19828.0982482128,25717.47364142,4454.27741759862,105808.837597187,
GS19_GC10_160_E1_S1,E1,S1,Sample,160,40271.5965701045,1806.4955828832,36763.0673848513,2855.83428400793,77034.6639549558,
GS19_GC10_161_E1_S1,E1,S1,Sample,161,39378.5038400204,4033.23366286907,22696.3830501476,1627.37709410647,62074.886890168,
GS19_GC10_162_E1_S1,E1,S1,Sample,162,61501.6102279204,194.417579747065,31291.5065257846,4427.0572744214,92793.116753705,
GS19_GC10_163_E1_S1,E1,S1,Sample,163,46146.225143265,2186.768919557,29206.2382121662,5436.00962712214,75352.4633554312,
GS19_GC10_164_E1_S1,E1,S1,Sample,164,38944.3251190993,4717.95500901642,20504.887898763,1753.56965847116,59449.2130178623,
GS19_GC10_165_E1_S1,E1,S1,Sample,165,7923.50095068187,817.720607818226,2344.62448227953,139.793922117657,10268.1254329614,
GS19_GC10_166_E1_S1,E1,S1,Sample,166,6080.33348532284,1026.19206204134,,,6080.33348532284,
GS19_GC10_167_E1_S1,E1,S1,Sample,167,28463.7553901604,1972.7265599386,19579.8754050018,3274.05501524892,48043.6307951622,
GS19_GC10_168_E1_S1,E1,S1,Sample,168,52740.3608351895,6705.24560806036,24514.855131946,4920.47899930482,77255.2159671355,
GS19_GC10_169_E1_S1,E1,S1,Sample,169,68834.6563855874,12381.5023107057,21098.2028629752,4165.66111160097,89932.8592485626,pool
GS19_GC10_169_E2_S1,E2,S1,Sample,169,1199728.48293672,105373.864592867,80358.4302319642,7461.50296103506,1280086.91316868,pool
GS19_GC10_170_E1_S1,E1,S1,Sample,170,132936.808877362,31079.2249119924,48382.7510993638,2750.36731879868,181319.559976726,
GS19_GC10_171_E1_S1,E1,S1,Sample,171,59263.0707181977,4216.47196997116,45392.2687749104,5982.30326682495,104655.339493108,
GS19_GC10_172_E1_S1,E1,S1,Sample,172,46624.4000490471,7178.44321588764,26592.1229204255,4830.94950962494,73216.5229694726,pool
GS19_GC10_172_E2_S1,E2,S1,Sample,172,667638.925405649,81227.7671618339,48164.4703791692,4767.39223186786,715803.395784818,pool
GS19_GC10_173_E1_S1,E1,S1,Sample,173,6929.63437831149,637.08558995673,31145.239485071,3233.53909431619,38074.8738633825,
GS19_GC10_B1_E2_S1,E2,S1,Blank,B1,NA,NA,NA,NA,NA,
GS19_GC10_B2_E2_S1,E2,S1,Blank,B2,NA,NA,NA,NA,NA,
